,year,Avg_temp_by_year
0,2010,26.61123287671233
1,2011,26.20986301369863
2,2012,26.435792349726775
3,2013,26.396712328767123
4,2014,26.716712328767123
5,2015,26.734246575342464
6,2016,27.19672131147541
7,2017,26.6813698630137
8,2018,26.582465753424657
9,2019,27.003835616438355
10,2020,27.268852459016394
11,2021,26.646575342465752
12,2022,26.694246575342465
13,2023,26.985119047619047
